time,nix-config,nixpkgs,nuc,jovian,droid,solo,wsl,mbp
2025-03-14T09:45:16+00:00,2885f15c,3a05eebe,12017196736,14872948104,3093512032,0,7856539496,5582391272
2025-03-24T07:40:39+00:00,4c2c4d10,3a05eebe,11949141312,14804892680,3025456496,0,7788484072,5541960112
2025-03-25T19:50:41+00:00,bb61bf68,f3a2a060,10814830640,12087863768,3052752720,0,6623328920,5565201328
2025-03-26T02:40:35+00:00,7b2ca69c,f3a2a060,10814830640,12087863768,3052752720,0,6623328920,5565201328
2025-03-28T02:08:29+00:00,c1f3d417,f3a2a060,10823443744,12096461920,3021341968,0,6631927080,5393280480
2025-03-31T02:26:33+00:00,2c1b3a94,f3a2a060,10823459936,12096462008,3021341976,0,6631943264,5393566416
2025-04-02T07:54:24+00:00,839dcc18,b9d43b3f,10924732752,12203784096,3099994672,0,6718403832,5439590464
2025-04-15T06:52:57+00:00,296e59d9,2349f9de,11032958088,12910719928,3168445544,0,6792300256,5440136424
2025-05-13T12:09:05+00:00,3d6d4d3f,e887e888,11213967968,12983354872,3421533224,0,6937158632,5483884168
2025-05-17T12:53:55+00:00,4dc3db96,e887e888,11213968080,12983354984,3421533344,0,6937158744,5601668088
2025-05-20T11:00:56+00:00,a1541406,ca49c430,11198479536,12991593152,3401930912,0,6943876136,5600018376
2025-05-20T11:05:11+00:00,2768de02,ca49c430,11198479536,12991592288,3401930912,0,6943876136,5600018376
2025-05-22T10:50:54+00:00,50501738,cd2812de,10259590648,12991493288,3401816440,0,6944990056,5600592216
2025-05-29T03:49:42+00:00,38d5c3ed,7848cd8c,10261695256,12993301992,3403493784,0,6947040072,5602304632
2025-07-12T05:20:12+00:00,5644f3d9,29e29000,10414486304,12997718424,3427853104,0,6994500840,5628071112
2025-07-16T09:04:30+00:00,69c102f5,dfcd5b90,10287267328,12870987384,3426055856,0,6911526200,5631149280
2025-08-01T09:46:08+00:00,42e5032b,dfcd5b90,10287105704,12870877000,3425938856,0,6911339656,5630892856
2025-08-23T01:03:41+00:00,602f1779,9cb344e9,10335065736,12892688568,3421105264,0,6922962944,5640182640
2025-08-26T09:34:42+00:00,74a9ac9c,9cb344e9,10335065656,12892688952,3421105408,3009102344,6922962864,5640182560
2025-08-28T08:21:27+00:00,ee86810f,4e7667a9,10694265296,12889785344,3418199360,3006193264,7282119352,5639771232
2025-09-04T06:46:45+00:00,941b6c89,7c815e51,10669571864,12892480072,3419955920,3007901080,7284286240,6048704240
2025-09-18T13:23:31+00:00,a938ff44,9a094440,10625885944,12844493640,3418829888,2962847400,7245094136,6049399240
2025-09-19T09:47:34+00:00,cf8629b4,9a094440,10625885288,12844492976,3418859616,2962845552,7245093472,6049403336
2025-09-26T06:46:43+00:00,e4573170,9a094440,10625968704,12844492824,3418859632,2962845552,7245182608,6049492632
2025-10-17T13:58:47+00:00,01a77857,a493e93b,10702547472,12868003688,3419540392,2963393064,7281390296,6067863272
2025-10-28T10:35:33+00:00,2a80f24c,c8aa8cc0,10696169432,12865672240,3415109264,2958957384,7280707640,6073889824
2025-11-12T11:29:53+00:00,2c71a3fb,c8aa8cc0,10794075080,12865675864,3415112888,2958961008,7280770424,6073863000
2025-11-16T14:32:06+00:00,e1035f77,c8aa8cc0,10844956040,12865675992,3415113016,2958961136,7280770552,6073863128
2025-11-28T13:11:37+00:00,7276b163,a320ce8e,10002989176,12746345584,2110688256,1653874712,7129717536,4793847448
2025-11-29T15:42:32+00:00,f8a8a5ca,ba9b83e5,9215766600,12739768648,2118525480,1661711936,6388665296,4797214400
2025-12-03T01:10:29+00:00,24ce8daf,d542db74,9204983736,12739908784,2118616920,1661803376,6377882328,4797143096
2025-12-13T16:34:22+00:00,46048668,d542db74,9196471424,12731469432,2110091008,1653277208,6369369968,4790957232
2025-12-16T02:15:08+00:00,f9870dbf,c8cfcd6c,9206570936,12799518976,2110520472,1653706672,6376529664,4793965960
2025-12-16T03:27:41+00:00,2657ca51,c8cfcd6c,9206570936,12799518920,2110520472,1653706672,6376529664,4793965960
2025-12-16T03:51:34+00:00,82ca4e4d,c8cfcd6c,9206570936,12799518920,2110520472,1653706672,6376529664,4793965960
2025-12-19T03:11:48+00:00,f6acbd02,c6f52ebd,9128288480,12722619232,2034674328,1577848320,6298920224,4761454704
2025-12-19T06:31:23+00:00,e4627418,c6f52ebd,9128288480,12722619232,2034674328,1577848320,6298920224,4761454704
2025-12-19T06:34:45+00:00,eae57ed3,c6f52ebd,9128288480,12722619232,2034674328,1577848320,6298920224,4761454704
2025-12-19T17:42:00+00:00,bbca28ba,c6f52ebd,9128310160,12722619232,2034674328,1577848320,6298920224,4761454704
2025-12-21T16:30:12+00:00,a2f0dab0,c6f52ebd,9128310336,12722619232,2034674328,1577848320,6298920280,4761454704
2025-12-23T02:01:11+00:00,ebde86cc,c6f52ebd,9128310336,12722619224,2034674328,1577848320,6298920272,4761454664
2025-12-25T05:52:57+00:00,0b9e7d08,76701a17,9128630304,12724892504,2035014736,1578188728,6299418392,4762134248
2025-12-31T02:52:34+00:00,bd8db726,9ef26122,9136913568,12732110264,2035220728,1578394896,6299823464,4767293856
